ward_code,ward_name,spatial_effects,mean_residuals,obesity_rate,quadrant
E05000026,Abbey,2.4372453310803737,1.4210854715202004e-14,22.78,"Q1: High Effects, High Residuals"
E05000027,Alibon,4.575926404352902,1.5987211554602254e-14,25.875,"Q1: High Effects, High Residuals"
E05000028,Becontree,3.123510329693521,1.509903313490213e-14,26.24,"Q1: High Effects, High Residuals"
E05000029,Chadwell Heath,8.132749081250903,1.1546319456101628e-14,25.747500000000002,"Q1: High Effects, High Residuals"
E05000030,Eastbrook,-1.8553034410493483,1.3322676295501878e-14,23.265,"Q2: Low Effects, High Residuals"
E05000031,Eastbury,2.488713039765547,1.3322676295501878e-14,24.052500000000002,"Q1: High Effects, High Residuals"
E05000032,Gascoigne,4.088691555542652,1.687538997430238e-14,25.322499999999998,"Q1: High Effects, High Residuals"
E05000033,Goresbrook,3.160956571149879,1.4210854715202004e-14,25.315,"Q1: High Effects, High Residuals"
E05000034,Heath,7.885463167144728,1.509903313490213e-14,25.83,"Q1: High Effects, High Residuals"
E05000035,Longbridge,-1.5168884078107627,1.1546319456101628e-14,23.747500000000002,"Q2: Low Effects, High Residuals"
E05000036,Mayesbrook,4.878661907004391,1.5987211554602254e-14,24.002499999999998,"Q1: High Effects, High Residuals"
E05000037,Parsloes,3.793506381458113,1.2434497875801753e-14,25.1825,"Q1: High Effects, High Residuals"
E05000038,River,7.970261229975089,1.3322676295501878e-14,28.5925,"Q1: High Effects, High Residuals"
E05000039,Thames,-1.6325954911032303,1.509903313490213e-14,24.715,"Q2: Low Effects, High Residuals"
E05000040,Valence,0.9010389263831762,1.509903313490213e-14,22.794999999999998,"Q1: High Effects, High Residuals"
E05000041,Village,7.87478252172267,1.2434497875801753e-14,27.5725,"Q1: High Effects, High Residuals"
E05000042,Whalebone,2.7416651162814327,1.4210854715202004e-14,24.8075,"Q1: High Effects, High Residuals"
E05000043,Brunswick Park,-4.033804994652439,1.687538997430238e-14,17.197499999999998,"Q2: Low Effects, High Residuals"
E05000044,Burnt Oak,2.8760065496403335,1.5987211554602254e-14,24.1775,"Q1: High Effects, High Residuals"
E05000045,Childs Hill,-1.564292381758106,1.4210854715202004e-14,21.66,"Q2: Low Effects, High Residuals"
E05000046,Colindale,3.030995465002362,1.3322676295501878e-14,23.7575,"Q1: High Effects, High Residuals"
E05000047,Coppetts,-4.826036084224586,1.509903313490213e-14,17.45,"Q2: Low Effects, High Residuals"
E05000048,East Barnet,-0.716502508145088,1.5987211554602254e-14,19.7425,"Q2: Low Effects, High Residuals"
E05000049,East Finchley,-4.167724394226983,1.5987211554602254e-14,15.4775,"Q2: Low Effects, High Residuals"
E05000050,Edgware,1.3953163919914973,1.4210854715202004e-14,19.6725,"Q1: High Effects, High Residuals"
E05000051,Finchley Church End,-8.410684435151968,1.2434497875801753e-14,13.995000000000001,"Q2: Low Effects, High Residuals"
E05000052,Garden Suburb,-11.507169914592275,1.4210854715202004e-14,10.5,"Q2: Low Effects, High Residuals"
E05000053,Golders Green,-5.074114018568272,1.5987211554602254e-14,17.035,"Q2: Low Effects, High Residuals"
E05000054,Hale,3.4817945250245135,1.3322676295501878e-14,21.9675,"Q1: High Effects, High Residuals"
E05000055,Hendon,-3.6965575971459304,1.509903313490213e-14,18.43,"Q2: Low Effects, High Residuals"
E05000056,High Barnet,-3.508915652459041,1.509903313490213e-14,15.719999999999999,"Q2: Low Effects, High Residuals"
E05000057,Mill Hill,-0.2018801039414111,1.4210854715202004e-14,18.555,"Q2: Low Effects, High Residuals"
E05000058,Oakleigh,-7.031158873578635,1.687538997430238e-14,15.655000000000001,"Q2: Low Effects, High Residuals"
E05000059,Totteridge,-4.103494431126785,1.5987211554602254e-14,15.235,"Q2: Low Effects, High Residuals"
E05000060,Underhill,-1.4477351997675418,1.3322676295501878e-14,18.0425,"Q2: Low Effects, High Residuals"
E05000061,West Finchley,-9.541771225320916,1.3322676295501878e-14,14.05,"Q2: Low Effects, High Residuals"
E05000062,West Hendon,-4.9579248235794635,1.5987211554602254e-14,17.925,"Q2: Low Effects, High Residuals"
E05000063,Woodhouse,-2.4011722053202478,1.509903313490213e-14,19.357499999999998,"Q2: Low Effects, High Residuals"
E05000064,Barnehurst,-2.334886776661424,1.5987211554602254e-14,22.3375,"Q2: Low Effects, High Residuals"
E05000065,Belvedere,3.5124195191303693,1.5987211554602254e-14,24.0675,"Q1: High Effects, High Residuals"
E05000066,Blackfen and Lamorbey,-4.015669061401048,1.3322676295501878e-14,19.725,"Q2: Low Effects, High Residuals"
E05000067,Blendon and Penhill,-4.947288810619,1.2434497875801753e-14,17.9725,"Q2: Low Effects, High Residuals"
E05000068,Brampton,-2.0849309490482097,1.4210854715202004e-14,21.425,"Q2: Low Effects, High Residuals"
E05000069,Christchurch,-4.881787104484755,1.2434497875801753e-14,16.9825,"Q2: Low Effects, High Residuals"
E05000070,Colyers,2.0455437377411947,1.509903313490213e-14,24.6375,"Q1: High Effects, High Residuals"
E05000071,Crayford,1.2981719929321631,1.5987211554602254e-14,20.79,"Q1: High Effects, High Residuals"
E05000072,Cray Meadows,8.029597880654869,1.4210854715202004e-14,24.475,"Q1: High Effects, High Residuals"
E05000073,Danson Park,-0.2649742270956992,1.4210854715202004e-14,20.63,"Q2: Low Effects, High Residuals"
E05000074,East Wickham,0.42614864223446247,1.509903313490213e-14,22.2675,"Q1: High Effects, High Residuals"
E05000075,Erith,5.580179074325256,1.2434497875801753e-14,27.1525,"Q1: High Effects, High Residuals"
E05000076,Falconwood and Welling,-2.7788609621858793,1.4210854715202004e-14,21.3825,"Q2: Low Effects, High Residuals"
E05000077,Lesnes Abbey,1.7195249776098906,1.5987211554602254e-14,22.68,"Q1: High Effects, High Residuals"
E05000078,Longlands,-6.189494250417435,1.4210854715202004e-14,16.985,"Q2: Low Effects, High Residuals"
E05000079,North End,5.950195867900968,1.3322676295501878e-14,24.740000000000002,"Q1: High Effects, High Residuals"
E05000080,Northumberland Heath,-2.6217826151268797,1.3322676295501878e-14,21.5975,"Q2: Low Effects, High Residuals"
E05000081,St. Mary's,-3.910475907398284,1.2434497875801753e-14,16.7025,"Q2: Low Effects, High Residuals"
E05000082,St. Michael's,-1.6098943849314127,1.3322676295501878e-14,21.0225,"Q2: Low Effects, High Residuals"
E05000083,Sidcup,-5.267538892560658,1.1546319456101628e-14,17.35,"Q2: Low Effects, High Residuals"
E05000084,Thamesmead East,10.236144542265901,1.4210854715202004e-14,26.45,"Q1: High Effects, High Residuals"
E05000085,Alperton,-3.9405568366194785,1.4210854715202004e-14,18.4875,"Q2: Low Effects, High Residuals"
E05000086,Barnhill,8.073890428120777,1.687538997430238e-14,27.3375,"Q1: High Effects, High Residuals"
E05000087,Brondesbury Park,-1.350705599469351,1.4210854715202004e-14,20.8525,"Q2: Low Effects, High Residuals"
E05000088,Dollis Hill,0.7523744347489378,1.4210854715202004e-14,21.485,"Q1: High Effects, High Residuals"
E05000089,Dudden Hill,2.021231871327454,1.5987211554602254e-14,24.145,"Q1: High Effects, High Residuals"
E05000090,Fryent,-0.050383625540129096,1.4210854715202004e-14,18.8825,"Q2: Low Effects, High Residuals"
E05000091,Harlesden,6.327799497825327,1.5987211554602254e-14,27.7275,"Q1: High Effects, High Residuals"
E05000092,Kensal Green,3.7589741308144085,1.5987211554602254e-14,25.2675,"Q1: High Effects, High Residuals"
E05000093,Kenton,-3.0401757439133905,1.4210854715202004e-14,18.37,"Q2: Low Effects, High Residuals"
E05000094,Kilburn,4.613120796742176,1.509903313490213e-14,26.195,"Q1: High Effects, High Residuals"
E05000095,Mapesbury,-0.8055702113920846,1.5987211554602254e-14,22.2125,"Q2: Low Effects, High Residuals"
E05000096,Northwick Park,0.18058630428545097,1.4210854715202004e-14,20.21,"Q1: High Effects, High Residuals"
E05000097,Preston,1.2012867274725352,1.509903313490213e-14,22.7075,"Q1: High Effects, High Residuals"
E05000098,Queens Park,-2.6966873154159883,1.4210854715202004e-14,19.445,"Q2: Low Effects, High Residuals"
E05000099,Queensbury,-0.2837256225661289,1.4210854715202004e-14,22.2025,"Q2: Low Effects, High Residuals"
E05000100,Stonebridge,5.226251146793011,1.509903313490213e-14,26.8725,"Q1: High Effects, High Residuals"
E05000101,Sudbury,4.312951690716633,1.3322676295501878e-14,24.9,"Q1: High Effects, High Residuals"
E05000102,Tokyngton,2.088304604725014,1.509903313490213e-14,24.5475,"Q1: High Effects, High Residuals"
E05000103,Welsh Harp,7.535492233122335,1.1546319456101628e-14,26.802500000000002,"Q1: High Effects, High Residuals"
E05000104,Wembley Central,0.06047846704199067,1.1546319456101628e-14,20.3,"Q1: High Effects, High Residuals"
E05000105,Willesden Green,4.759747106096321,1.4210854715202004e-14,23.945,"Q1: High Effects, High Residuals"
E05000106,Bickley,-7.817442206561017,1.509903313490213e-14,12.584999999999999,"Q2: Low Effects, High Residuals"
E05000107,Biggin Hill,-2.9153245598868858,1.2434497875801753e-14,14.685,"Q2: Low Effects, High Residuals"
E05000108,Bromley Common and Keston,0.4752870616237974,1.3322676295501878e-14,16.155,"Q1: High Effects, High Residuals"
E05000109,Bromley Town,-5.737470163228366,1.4210854715202004e-14,15.425,"Q2: Low Effects, High Residuals"
E05000110,Chelsfield and Pratts Bottom,-2.3039382860246884,1.2434497875801753e-14,14.794999999999998,"Q2: Low Effects, High Residuals"
E05000111,Chislehurst,0.4114345813547282,1.509903313490213e-14,15.3525,"Q1: High Effects, High Residuals"
E05000112,Clock House,-4.788169717940441,1.4210854715202004e-14,17.86,"Q2: Low Effects, High Residuals"
E05000113,Copers Cope,-10.086407593437356,1.509903313490213e-14,12.5,"Q2: Low Effects, High Residuals"
E05000114,Cray Valley East,5.891110909533379,1.3322676295501878e-14,22.57,"Q1: High Effects, High Residuals"
E05000115,Cray Valley West,0.5476818560722183,1.4210854715202004e-14,20.1875,"Q1: High Effects, High Residuals"
E05000116,Crystal Palace,5.270667946483794,1.509903313490213e-14,23.6525,"Q1: High Effects, High Residuals"
E05000117,Darwin,4.771606967645615,1.3322676295501878e-14,16.385,"Q1: High Effects, High Residuals"
E05000118,Farnborough and Crofton,-5.249028313598641,1.4210854715202004e-14,13.535,"Q2: Low Effects, High Residuals"
E05000119,Hayes and Coney Hall,-6.012213553956809,1.4210854715202004e-14,11.6875,"Q2: Low Effects, High Residuals"
E05000120,Kelsey and Eden Park,-4.002929878567011,1.4210854715202004e-14,15.4975,"Q2: Low Effects, High Residuals"
E05000121,Mottingham and Chislehurst North,3.2402578917463245,1.5987211554602254e-14,21.8375,"Q1: High Effects, High Residuals"
E05000122,Orpington,-1.147148460466278,1.509903313490213e-14,18.8325,"Q2: Low Effects, High Residuals"
E05000123,Penge and Cator,1.8926626732694665,1.509903313490213e-14,22.305,"Q1: High Effects, High Residuals"
E05000124,Petts Wood and Knoll,-11.60714683774077,1.509903313490213e-14,11.379999999999999,"Q2: Low Effects, High Residuals"
E05000125,Plaistow and Sundridge,-3.8713701137476657,1.687538997430238e-14,16.1425,"Q2: Low Effects, High Residuals"
E05000126,Shortlands,-11.992112893231111,1.2434497875801753e-14,12.72,"Q2: Low Effects, High Residuals"
E05000127,West Wickham,-8.652219543507673,1.3322676295501878e-14,12.7375,"Q2: Low Effects, High Residuals"
E05000128,Belsize,-2.155511740704421,1.509903313490213e-14,21.945,"Q2: Low Effects, High Residuals"
E05000129,Bloomsbury,2.767733859365432,1.3322676295501878e-14,24.515,"Q1: High Effects, High Residuals"
E05000130,Camden Town with Primrose Hill,-5.382111514636841,1.865174681370263e-14,16.822499999999998,"Q2: Low Effects, High Residuals"
E05000131,Cantelowes,-2.228621297592448,1.4210854715202004e-14,20.3475,"Q2: Low Effects, High Residuals"
E05000132,Fortune Green,0.8237611429710059,1.509903313490213e-14,22.2425,"Q1: High Effects, High Residuals"
E05000133,Frognal and Fitzjohns,-11.493735329196,1.1842378929335004e-14,12.233333333333334,"Q2: Low Effects, High Residuals"
E05000134,Gospel Oak,0.25431428082596597,1.3322676295501878e-14,22.240000000000002,"Q1: High Effects, High Residuals"
E05000135,Hampstead Town,-5.986118185268277,1.1842378929335004e-14,12.966666666666669,"Q2: Low Effects, High Residuals"
E05000136,Haverstock,4.831163245910462,1.4210854715202004e-14,27.0125,"Q1: High Effects, High Residuals"
E05000137,Highgate,-8.397526393341034,1.509903313490213e-14,15.2,"Q2: Low Effects, High Residuals"
E05000138,Holborn and Covent Garden,-3.1297317719434146,1.4210854715202004e-14,19.9825,"Q2: Low Effects, High Residuals"
E05000139,Kentish Town,1.218940722575482,1.4210854715202004e-14,23.765,"Q1: High Effects, High Residuals"
E05000140,Kilburn,1.5828325303073614,1.2434497875801753e-14,24.195,"Q1: High Effects, High Residuals"
E05000141,King's Cross,1.2493799191214512,1.4210854715202004e-14,23.6275,"Q1: High Effects, High Residuals"
E05000142,Regent's Park,4.557428324153515,1.509903313490213e-14,25.285,"Q1: High Effects, High Residuals"
E05000143,St. Pancras and Somers Town,2.2679044677423095,1.4210854715202004e-14,22.315,"Q1: High Effects, High Residuals"
E05000144,Swiss Cottage,0.5078869632053813,1.509903313490213e-14,22.08,"Q1: High Effects, High Residuals"
E05000145,West Hampstead,-3.110982653627011,1.4210854715202004e-14,19.495,"Q2: Low Effects, High Residuals"
E05000146,Addiscombe,-4.198625963549693,1.2434497875801753e-14,19.1275,"Q2: Low Effects, High Residuals"
E05000147,Ashburton,1.4027534710919207,1.4210854715202004e-14,24.3225,"Q1: High Effects, High Residuals"
E05000148,Bensham Manor,1.4786394675867918,1.3322676295501878e-14,24.205000000000002,"Q1: High Effects, High Residuals"
E05000149,Broad Green,3.5292978140086975,1.4210854715202004e-14,26.75,"Q1: High Effects, High Residuals"
E05000150,Coulsdon East,-1.1664196737162205,1.5987211554602254e-14,15.35,"Q2: Low Effects, High Residuals"
E05000151,Coulsdon West,-4.072165456725238,1.4210854715202004e-14,17.845,"Q2: Low Effects, High Residuals"
E05000152,Croham,-1.1047071279320484,1.4210854715202004e-14,20.54,"Q2: Low Effects, High Residuals"
E05000153,Fairfield,0.08330328916459262,1.509903313490213e-14,22.759999999999998,"Q1: High Effects, High Residuals"
E05000154,Fieldway,4.60090981207382,1.509903313490213e-14,24.79,"Q1: High Effects, High Residuals"
E05000155,Heathfield,1.3663109466711258,1.509903313490213e-14,16.634999999999998,"Q1: High Effects, High Residuals"
E05000156,Kenley,-5.581817446746834,1.5987211554602254e-14,15.1,"Q2: Low Effects, High Residuals"
E05000157,New Addington,7.495798405673899,1.687538997430238e-14,26.557499999999997,"Q1: High Effects, High Residuals"
E05000158,Norbury,1.9836591095132379,1.3322676295501878e-14,25.7,"Q1: High Effects, High Residuals"
E05000159,Purley,-5.313796342917293,1.5987211554602254e-14,18.3375,"Q2: Low Effects, High Residuals"
E05000160,Sanderstead,-2.776267652716162,1.5987211554602254e-14,16.7075,"Q2: Low Effects, High Residuals"
E05000161,Selhurst,4.947772140448447,1.5987211554602254e-14,25.4225,"Q1: High Effects, High Residuals"
E05000162,Selsdon and Ballards,-1.2416050772870135,1.509903313490213e-14,17.88,"Q2: Low Effects, High Residuals"
E05000163,Shirley,-3.5634959676800024,1.509903313490213e-14,18.25,"Q2: Low Effects, High Residuals"
E05000164,South Norwood,-0.37593870337440194,1.687538997430238e-14,22.955,"Q2: Low Effects, High Residuals"
E05000165,Thornton Heath,4.3072144905327026,1.3322676295501878e-14,26.615000000000002,"Q1: High Effects, High Residuals"
E05000166,Upper Norwood,1.910098702883091,1.509903313490213e-14,24.9225,"Q1: High Effects, High Residuals"
E05000167,Waddon,0.8941931650224904,1.5987211554602254e-14,20.105,"Q1: High Effects, High Residuals"
E05000168,West Thornton,6.1144370007325435,1.4210854715202004e-14,26.725,"Q1: High Effects, High Residuals"
E05000169,Woodside,3.634066913391935,1.687538997430238e-14,23.205,"Q1: High Effects, High Residuals"
E05000170,Acton Central,-3.519743491575116,1.2434497875801753e-14,18.26,"Q2: Low Effects, High Residuals"
E05000171,Cleveland,-1.5830525083642257,1.5987211554602254e-14,18.5125,"Q2: Low Effects, High Residuals"
E05000172,Dormers Wells,5.4757037186103705,1.5987211554602254e-14,25.0475,"Q1: High Effects, High Residuals"
E05000173,Ealing Broadway,-9.127155738792283,1.4210854715202004e-14,14.537500000000001,"Q2: Low Effects, High Residuals"
E05000174,Ealing Common,-2.609071795347841,1.687538997430238e-14,19.3375,"Q2: Low Effects, High Residuals"
E05000175,East Acton,0.03406257060084528,1.4210854715202004e-14,22.475,"Q1: High Effects, High Residuals"
E05000176,Elthorne,-0.3515170281735074,1.3322676295501878e-14,21.0925,"Q2: Low Effects, High Residuals"
E05000177,Greenford Broadway,2.916595601480478,1.1546319456101628e-14,23.9825,"Q1: High Effects, High Residuals"
E05000178,Greenford Green,0.9345039579627299,1.687538997430238e-14,22.759999999999998,"Q1: High Effects, High Residuals"
E05000179,Hanger Hill,-1.2992310636217352,1.3322676295501878e-14,19.35,"Q2: Low Effects, High Residuals"
E05000180,Hobbayne,-1.9902905002929279,1.509903313490213e-14,20.0925,"Q2: Low Effects, High Residuals"
E05000181,Lady Margaret,-1.6581028077261575,1.5987211554602254e-14,20.825,"Q2: Low Effects, High Residuals"
E05000182,Northfield,-7.642076327177554,1.4210854715202004e-14,14.2825,"Q2: Low Effects, High Residuals"
E05000183,North Greenford,4.2393415069999,1.5987211554602254e-14,23.55,"Q1: High Effects, High Residuals"
E05000184,Northolt Mandeville,1.9235402525058243,1.509903313490213e-14,23.1425,"Q1: High Effects, High Residuals"
E05000185,Northolt West End,2.805667616203304,1.509903313490213e-14,20.25,"Q1: High Effects, High Residuals"
E05000186,Norwood Green,2.6927416589943975,1.509903313490213e-14,21.6525,"Q1: High Effects, High Residuals"
E05000187,Perivale,2.9842546480831658,1.509903313490213e-14,23.5875,"Q1: High Effects, High Residuals"
E05000188,South Acton,3.4895946912026723,1.3322676295501878e-14,25.725,"Q1: High Effects, High Residuals"
E05000189,Southall Broadway,1.288280139079232,1.509903313490213e-14,24.365000000000002,"Q1: High Effects, High Residuals"
E05000190,Southall Green,3.2652989612991608,1.5987211554602254e-14,24.314999999999998,"Q1: High Effects, High Residuals"
E05000191,Southfield,-6.601351237258644,1.687538997430238e-14,16.97,"Q2: Low Effects, High Residuals"
E05000192,Walpole,-10.016274558462436,1.2434497875801753e-14,14.73,"Q2: Low Effects, High Residuals"
E05000193,Bowes,-1.540649313644204,1.2434497875801753e-14,21.91,"Q2: Low Effects, High Residuals"
E05000194,Bush Hill Park,-0.4214752781364268,1.509903313490213e-14,21.27,"Q2: Low Effects, High Residuals"
E05000195,Chase,7.926146290027599,1.509903313490213e-14,21.985,"Q1: High Effects, High Residuals"
E05000196,Cockfosters,3.1415726376017776,1.4210854715202004e-14,19.9075,"Q1: High Effects, High Residuals"
E05000197,Edmonton Green,9.555571536616114,1.4210854715202004e-14,29.244999999999997,"Q1: High Effects, High Residuals"
E05000198,Enfield Highway,2.888598237156172,1.5987211554602254e-14,26.06,"Q1: High Effects, High Residuals"
E05000199,Enfield Lock,8.925360972781823,1.5987211554602254e-14,27.1225,"Q1: High Effects, High Residuals"
E05000200,Grange,-7.266432012191758,1.1546319456101628e-14,15.405000000000001,"Q2: Low Effects, High Residuals"
E05000201,Haselbury,7.211037785137364,1.4210854715202004e-14,25.7375,"Q1: High Effects, High Residuals"
E05000202,Highlands,0.7094749270882081,1.687538997430238e-14,19.1575,"Q1: High Effects, High Residuals"
E05000203,Jubilee,8.858455428167497,1.1546319456101628e-14,26.005000000000003,"Q1: High Effects, High Residuals"
E05000204,Lower Edmonton,11.008711785847234,1.3322676295501878e-14,28.997500000000002,"Q1: High Effects, High Residuals"
E05000205,Palmers Green,0.12018845203295125,1.509903313490213e-14,23.3375,"Q1: High Effects, High Residuals"
E05000206,Ponders End,10.240776136123214,1.4210854715202004e-14,28.794999999999998,"Q1: High Effects, High Residuals"
E05000207,Southbury,-1.7726430358034735,1.509903313490213e-14,22.395,"Q2: Low Effects, High Residuals"
E05000208,Southgate,-2.7952620333454794,1.3322676295501878e-14,19.0975,"Q2: Low Effects, High Residuals"
E05000209,Southgate Green,-2.925656773417021,1.5987211554602254e-14,19.9,"Q2: Low Effects, High Residuals"
E05000210,Town,-3.75947631944518,1.5987211554602254e-14,19.4075,"Q2: Low Effects, High Residuals"
E05000211,Turkey Street,6.206266475745942,1.4210854715202004e-14,25.6125,"Q1: High Effects, High Residuals"
E05000212,Upper Edmonton,5.740756865637258,1.2434497875801753e-14,27.8275,"Q1: High Effects, High Residuals"
E05000213,Winchmore Hill,-5.091300223593155,1.3322676295501878e-14,18.21,"Q2: Low Effects, High Residuals"
E05000214,Abbey Wood,10.598105673798134,1.3322676295501878e-14,28.6675,"Q1: High Effects, High Residuals"
E05000215,Blackheath Westcombe,-1.8353321120901906,1.5987211554602254e-14,20.2275,"Q2: Low Effects, High Residuals"
E05000216,Charlton,4.2221924707138365,1.3322676295501878e-14,24.5075,"Q1: High Effects, High Residuals"
E05000217,Coldharbour and New Eltham,-1.521830146234758,1.2434497875801753e-14,21.965,"Q2: Low Effects, High Residuals"
E05000218,Eltham North,-8.704321502439983,1.5987211554602254e-14,14.69,"Q2: Low Effects, High Residuals"
E05000219,Eltham South,5.418099534578216,1.4210854715202004e-14,22.94,"Q1: High Effects, High Residuals"
E05000220,Eltham West,-0.2009806945801964,1.3322676295501878e-14,21.35,"Q2: Low Effects, High Residuals"
E05000221,Glyndon,5.24817184598551,1.4210854715202004e-14,24.7725,"Q1: High Effects, High Residuals"
E05000222,Greenwich West,5.811003284104365,1.509903313490213e-14,24.705,"Q1: High Effects, High Residuals"
E05000223,Kidbrooke with Hornfair,3.0376661844799493,1.1546319456101628e-14,23.755000000000003,"Q1: High Effects, High Residuals"
E05000224,Middle Park and Sutcliffe,3.90890903670841,1.5987211554602254e-14,24.15,"Q1: High Effects, High Residuals"
E05000225,Peninsula,-0.452402416014114,1.3322676295501878e-14,19.73,"Q2: Low Effects, High Residuals"
E05000226,Plumstead,5.7724905022273045,1.5987211554602254e-14,24.875,"Q1: High Effects, High Residuals"
E05000227,Shooters Hill,4.930135518813876,1.2434497875801753e-14,24.0675,"Q1: High Effects, High Residuals"
E05000228,Thamesmead Moorings,10.271207480920463,1.2434497875801753e-14,27.0,"Q1: High Effects, High Residuals"
E05000229,Woolwich Common,4.450865416110912,1.7763568394002505e-14,23.0875,"Q1: High Effects, High Residuals"
E05000230,Woolwich Riverside,6.181176863429,1.4210854715202004e-14,25.485,"Q1: High Effects, High Residuals"
E05000250,Addison,2.577779881057105,1.7763568394002505e-14,26.31,"Q1: High Effects, High Residuals"
E05000251,Askew,0.3677264097671076,1.3322676295501878e-14,23.435000000000002,"Q1: High Effects, High Residuals"
E05000252,Avonmore and Brook Green,1.425386573962296,1.4210854715202004e-14,23.23,"Q1: High Effects, High Residuals"
E05000253,College Park and Old Oak,3.6105848994399627,1.3322676295501878e-14,22.71,"Q1: High Effects, High Residuals"
E05000254,Fulham Broadway,0.4308000056324728,1.3322676295501878e-14,23.3,"Q1: High Effects, High Residuals"
E05000255,Fulham Reach,2.769391054030735,1.509903313490213e-14,24.6275,"Q1: High Effects, High Residuals"
E05000256,Hammersmith Broadway,1.5145909719525115,1.3322676295501878e-14,24.5225,"Q1: High Effects, High Residuals"
E05000257,Munster,-2.5160181074363184,1.7763568394002505e-14,20.072499999999998,"Q2: Low Effects, High Residuals"
E05000258,North End,3.9730284798682733,1.5987211554602254e-14,26.9975,"Q1: High Effects, High Residuals"
E05000259,Palace Riverside,-8.351317709104581,1.3322676295501878e-14,11.57,"Q2: Low Effects, High Residuals"
E05000260,Parsons Green and Walham,1.4989920668072587,1.1546319456101628e-14,24.795,"Q1: High Effects, High Residuals"
E05000261,Ravenscourt Park,-3.709795372422715,1.2878587085651816e-14,18.0775,"Q2: Low Effects, High Residuals"
E05000262,Sands End,2.7404711335168805,1.3322676295501878e-14,25.3175,"Q1: High Effects, High Residuals"
E05000263,Shepherd's Bush Green,-1.4436092752466703,1.2434497875801753e-14,22.695,"Q2: Low Effects, High Residuals"
E05000264,Town,-0.42630374985555974,1.2434497875801753e-14,23.935000000000002,"Q2: Low Effects, High Residuals"
E05000265,Wormholt and White City,4.814438136871145,1.4210854715202004e-14,27.8275,"Q1: High Effects, High Residuals"
E05000266,Alexandra,-8.669541872261807,1.7763568394002505e-14,11.065,"Q2: Low Effects, High Residuals"
E05000267,Bounds Green,2.61438461652922,1.5987211554602254e-14,23.5475,"Q1: High Effects, High Residuals"
E05000268,Bruce Grove,4.960847580833674,1.7763568394002505e-14,27.2825,"Q1: High Effects, High Residuals"
E05000269,Crouch End,-11.05071841513432,1.4210854715202004e-14,11.6225,"Q2: Low Effects, High Residuals"
E05000270,Fortis Green,-10.163056106013276,1.3322676295501878e-14,10.085,"Q2: Low Effects, High Residuals"
E05000271,Harringay,5.749325592065037,1.3322676295501878e-14,25.96,"Q1: High Effects, High Residuals"
E05000272,Highgate,-8.52511087988528,1.3322676295501878e-14,13.872499999999999,"Q2: Low Effects, High Residuals"
E05000273,Hornsey,-2.4929209372163283,1.509903313490213e-14,18.555,"Q2: Low Effects, High Residuals"
E05000274,Muswell Hill,-11.806889093181736,1.509903313490213e-14,10.6625,"Q2: Low Effects, High Residuals"
E05000275,Noel Park,7.777494747826848,1.5987211554602254e-14,29.7975,"Q1: High Effects, High Residuals"
E05000276,Northumberland Park,9.716048791160146,1.2434497875801753e-14,29.175,"Q1: High Effects, High Residuals"
E05000277,St. Ann's,0.9805524967220354,1.509903313490213e-14,23.575,"Q1: High Effects, High Residuals"
E05000278,Seven Sisters,5.390618618926576,1.5987211554602254e-14,25.8175,"Q1: High Effects, High Residuals"
E05000279,Stroud Green,-3.2699147614859845,1.3322676295501878e-14,18.125,"Q2: Low Effects, High Residuals"
E05000280,Tottenham Green,6.604963668407846,1.3322676295501878e-14,27.975,"Q1: High Effects, High Residuals"
E05000281,Tottenham Hale,7.275186016442208,1.509903313490213e-14,27.9075,"Q1: High Effects, High Residuals"
E05000282,West Green,5.646060346203103,1.3322676295501878e-14,25.095,"Q1: High Effects, High Residuals"
E05000283,White Hart Lane,6.317540964594748,1.3322676295501878e-14,27.435000000000002,"Q1: High Effects, High Residuals"
E05000284,Woodside,3.2807709886388157,1.5987211554602254e-14,22.65,"Q1: High Effects, High Residuals"
E05000285,Belmont,-5.9669140981437145,1.509903313490213e-14,17.1225,"Q2: Low Effects, High Residuals"
E05000286,Canons,1.05193343152568,1.509903313490213e-14,18.55,"Q1: High Effects, High Residuals"
E05000287,Edgware,-1.8724023366203308,1.5987211554602254e-14,21.419999999999998,"Q2: Low Effects, High Residuals"
E05000288,Greenhill,-4.176162552971077,1.3322676295501878e-14,18.560000000000002,"Q2: Low Effects, High Residuals"
E05000289,Harrow on the Hill,6.360946279711587,1.5987211554602254e-14,20.1125,"Q1: High Effects, High Residuals"
E05000290,Harrow Weald,0.4774847056810616,1.509903313490213e-14,19.75,"Q1: High Effects, High Residuals"
E05000291,Hatch End,-2.945470062281583,1.509903313490213e-14,19.3925,"Q2: Low Effects, High Residuals"
E05000292,Headstone North,-0.6364308324229366,1.509903313490213e-14,19.02,"Q2: Low Effects, High Residuals"
E05000293,Headstone South,-6.582814378193458,1.2434497875801753e-14,17.817500000000003,"Q2: Low Effects, High Residuals"
E05000294,Kenton East,-3.083535567381391,1.687538997430238e-14,21.455,"Q2: Low Effects, High Residuals"
E05000295,Kenton West,-3.6379009784581324,1.5987211554602254e-14,18.4425,"Q2: Low Effects, High Residuals"
E05000296,Marlborough,-4.2147948324046896,1.4210854715202004e-14,20.7725,"Q2: Low Effects, High Residuals"
E05000297,Pinner,-7.1066330368465636,1.1546319456101628e-14,15.8,"Q2: Low Effects, High Residuals"
E05000298,Pinner South,-7.859903789307288,1.3322676295501878e-14,15.377500000000001,"Q2: Low Effects, High Residuals"
E05000299,Queensbury,-1.557191786290085,1.509903313490213e-14,20.240000000000002,"Q2: Low Effects, High Residuals"
E05000300,Rayners Lane,-6.157889802880041,1.509903313490213e-14,17.325,"Q2: Low Effects, High Residuals"
E05000301,Roxbourne,-0.6036299675070245,1.5987211554602254e-14,20.9575,"Q2: Low Effects, High Residuals"
E05000302,Roxeth,-3.472769356021759,1.509903313490213e-14,19.634999999999998,"Q2: Low Effects, High Residuals"
E05000303,Stanmore Park,-2.89142195954958,1.4210854715202004e-14,15.5625,"Q2: Low Effects, High Residuals"
E05000304,Wealdstone,-2.009448130382548,1.5987211554602254e-14,21.072499999999998,"Q2: Low Effects, High Residuals"
E05000305,West Harrow,-0.819055332234023,1.687538997430238e-14,21.56,"Q2: Low Effects, High Residuals"
E05000306,Brooklands,6.096904742813917,1.2434497875801753e-14,24.755000000000003,"Q1: High Effects, High Residuals"
E05000307,Cranham,-4.035379931764709,1.4210854715202004e-14,15.912500000000001,"Q2: Low Effects, High Residuals"
E05000308,Elm Park,2.918740931322647,1.2434497875801753e-14,22.1275,"Q1: High Effects, High Residuals"
E05000309,Emerson Park,-0.5354062975364915,1.3322676295501878e-14,17.372500000000002,"Q2: Low Effects, High Residuals"
E05000310,Gooshays,9.293683667905212,1.509903313490213e-14,25.044999999999998,"Q1: High Effects, High Residuals"
E05000311,Hacton,-6.808438139503179,1.509903313490213e-14,14.629999999999999,"Q2: Low Effects, High Residuals"
E05000312,Harold Wood,-1.4388959676925097,1.5987211554602254e-14,17.45,"Q2: Low Effects, High Residuals"
E05000313,Havering Park,3.8416016292379918,1.2434497875801753e-14,18.892500000000002,"Q1: High Effects, High Residuals"
E05000314,Heaton,5.581417943669403,1.7763568394002505e-14,25.0325,"Q1: High Effects, High Residuals"
E05000315,Hylands,-6.317908485101986,1.509903313490213e-14,16.15,"Q2: Low Effects, High Residuals"
E05000316,Mawneys,0.16139921126233148,1.687538997430238e-14,21.3175,"Q1: High Effects, High Residuals"
E05000317,Pettits,-7.572552051172497,1.687538997430238e-14,14.1975,"Q2: Low Effects, High Residuals"
E05000318,Rainham and Wennington,6.93086104383195,1.3322676295501878e-14,23.9925,"Q1: High Effects, High Residuals"
E05000319,Romford Town,-2.4707381147595013,1.5987211554602254e-14,21.7275,"Q2: Low Effects, High Residuals"
E05000320,St. Andrew's,-2.9635027328220636,1.3322676295501878e-14,18.9225,"Q2: Low Effects, High Residuals"
E05000321,South Hornchurch,5.832030571427363,1.5987211554602254e-14,23.9525,"Q1: High Effects, High Residuals"
E05000322,Squirrel's Heath,-3.913721337115377,1.4210854715202004e-14,19.2825,"Q2: Low Effects, High Residuals"
E05000323,Upminster,-3.7494034908550677,1.1546319456101628e-14,12.4525,"Q2: Low Effects, High Residuals"
E05000324,Barnhill,5.752229117906154,1.5987211554602254e-14,26.205,"Q1: High Effects, High Residuals"
E05000325,Botwell,3.078764006711549,1.509903313490213e-14,24.4575,"Q1: High Effects, High Residuals"
E05000326,Brunel,4.310069850866593,1.687538997430238e-14,20.33,"Q1: High Effects, High Residuals"
E05000327,Cavendish,-6.728804195065376,1.687538997430238e-14,16.2675,"Q2: Low Effects, High Residuals"
E05000328,Charville,3.1366056575183663,1.4210854715202004e-14,22.02,"Q1: High Effects, High Residuals"
E05000329,Eastcote and East Ruislip,-9.562506602049417,1.5987211554602254e-14,12.3725,"Q2: Low Effects, High Residuals"
E05000330,Harefield,2.4357498104443955,1.3322676295501878e-14,19.3,"Q1: High Effects, High Residuals"
E05000331,Heathrow Villages,0.47166160115878064,1.865174681370263e-14,23.5475,"Q1: High Effects, High Residuals"
E05000332,Hillingdon East,2.790470390512734,1.5987211554602254e-14,19.4,"Q1: High Effects, High Residuals"
E05000333,Ickenham,-5.515251440814531,1.4210854715202004e-14,14.0425,"Q2: Low Effects, High Residuals"
E05000334,Manor,-9.517890628627288,1.5987211554602254e-14,12.7625,"Q2: Low Effects, High Residuals"
E05000335,Northwood,-5.715675337802205,1.4210854715202004e-14,12.04,"Q2: Low Effects, High Residuals"
E05000336,Northwood Hills,-1.0389875627210623,1.5987211554602254e-14,17.759999999999998,"Q2: Low Effects, High Residuals"
E05000337,Pinkwell,2.163001079246709,1.4210854715202004e-14,22.57,"Q1: High Effects, High Residuals"
E05000338,South Ruislip,1.5971531780802728,1.3322676295501878e-14,18.7875,"Q1: High Effects, High Residuals"
E05000339,Townfield,4.194189877695224,1.2434497875801753e-14,24.2525,"Q1: High Effects, High Residuals"
E05000340,Uxbridge North,-4.74278082199921,1.4210854715202004e-14,15.395,"Q2: Low Effects, High Residuals"
E05000341,Uxbridge South,-2.388457631036596,1.1546319456101628e-14,20.005000000000003,"Q2: Low Effects, High Residuals"
E05000342,West Drayton,3.2174753218427528,1.509903313490213e-14,23.7225,"Q1: High Effects, High Residuals"
E05000343,West Ruislip,-7.970300430573173,1.687538997430238e-14,12.645,"Q2: Low Effects, High Residuals"
E05000344,Yeading,3.7028363334824306,1.509903313490213e-14,23.9975,"Q1: High Effects, High Residuals"
E05000345,Yiewsley,6.099874005018134,1.509903313490213e-14,24.38,"Q1: High Effects, High Residuals"
E05000346,Bedfont,7.136244839507622,1.5987211554602254e-14,24.8875,"Q1: High Effects, High Residuals"
E05000347,Brentford,-0.4225455890286707,1.2434497875801753e-14,22.192500000000003,"Q2: Low Effects, High Residuals"
E05000348,Chiswick Homefields,-3.7748173147584136,1.2434497875801753e-14,17.580000000000002,"Q2: Low Effects, High Residuals"
E05000349,Chiswick Riverside,-0.36535004579974784,1.509903313490213e-14,18.4575,"Q2: Low Effects, High Residuals"
E05000350,Cranford,4.371660238448286,1.4210854715202004e-14,25.3425,"Q1: High Effects, High Residuals"
E05000351,Feltham North,4.657645836191339,1.509903313490213e-14,25.785,"Q1: High Effects, High Residuals"
E05000352,Feltham West,6.149999246147292,1.509903313490213e-14,25.2775,"Q1: High Effects, High Residuals"
E05000353,Hanworth,6.429547645521671,1.3322676295501878e-14,25.1825,"Q1: High Effects, High Residuals"
E05000354,Hanworth Park,-1.9314558104069137,1.7763568394002505e-14,24.3925,"Q2: Low Effects, High Residuals"
E05000355,Heston Central,3.396971524251436,1.3322676295501878e-14,25.9825,"Q1: High Effects, High Residuals"
E05000356,Heston East,3.9070020924400763,1.509903313490213e-14,23.825,"Q1: High Effects, High Residuals"
E05000357,Heston West,7.9761552230151755,1.4210854715202004e-14,26.465,"Q1: High Effects, High Residuals"
E05000358,Hounslow Central,-1.3082266353753678,1.1546319456101628e-14,21.122500000000002,"Q2: Low Effects, High Residuals"
E05000359,Hounslow Heath,7.421564078275632,1.509903313490213e-14,25.7825,"Q1: High Effects, High Residuals"
E05000360,Hounslow South,-1.422301987516649,1.509903313490213e-14,20.5925,"Q2: Low Effects, High Residuals"
E05000361,Hounslow West,3.6611863328317744,1.3322676295501878e-14,26.192500000000003,"Q1: High Effects, High Residuals"
E05000362,Isleworth,-4.426271947651945,1.687538997430238e-14,20.455,"Q2: Low Effects, High Residuals"
E05000363,Osterley and Spring Grove,-2.471785814052407,1.509903313490213e-14,16.5525,"Q2: Low Effects, High Residuals"
E05000364,Syon,3.353905532411976,1.3322676295501878e-14,22.4225,"Q1: High Effects, High Residuals"
E05000365,Turnham Green,-7.884186595537992,1.509903313490213e-14,16.2475,"Q2: Low Effects, High Residuals"
E05000366,Barnsbury,2.3257282151088736,1.4210854715202004e-14,24.01,"Q1: High Effects, High Residuals"
E05000367,Bunhill,2.5694690618720415,1.4210854715202004e-14,24.205000000000002,"Q1: High Effects, High Residuals"
E05000368,Caledonian,3.9731265674754352,1.4210854715202004e-14,25.0975,"Q1: High Effects, High Residuals"
E05000369,Canonbury,3.477607197071146,1.687538997430238e-14,24.845,"Q1: High Effects, High Residuals"
E05000370,Clerkenwell,-1.578957504581405,1.687538997430238e-14,21.1225,"Q2: Low Effects, High Residuals"
E05000371,Finsbury Park,5.389187018919207,1.4210854715202004e-14,26.465,"Q1: High Effects, High Residuals"
E05000372,Highbury East,-5.288308101932169,1.509903313490213e-14,15.3925,"Q2: Low Effects, High Residuals"
E05000373,Highbury West,-1.8106052304128122,1.3322676295501878e-14,19.517500000000002,"Q2: Low Effects, High Residuals"
E05000374,Hillrise,-3.851288606751716,1.509903313490213e-14,18.475,"Q2: Low Effects, High Residuals"
E05000375,Holloway,2.5310424083653063,1.509903313490213e-14,23.745,"Q1: High Effects, High Residuals"
E05000376,Junction,-3.7820739658556874,1.7763568394002505e-14,17.7675,"Q2: Low Effects, High Residuals"
E05000377,Mildmay,2.4782852790552123,1.687538997430238e-14,24.22,"Q1: High Effects, High Residuals"
E05000378,St. George's,3.221091406611639,1.5987211554602254e-14,25.52,"Q1: High Effects, High Residuals"
E05000379,St. Mary's,0.1664077232063068,1.4210854715202004e-14,21.9775,"Q1: High Effects, High Residuals"
E05000380,St. Peter's,2.6854694071155922,1.4210854715202004e-14,24.665,"Q1: High Effects, High Residuals"
E05000381,Tollington,-0.16789447237388,1.509903313490213e-14,21.285,"Q2: Low Effects, High Residuals"
E05000400,Alexandra,-3.020354800403494,1.509903313490213e-14,18.04,"Q2: Low Effects, High Residuals"
E05000401,Berrylands,-13.307569080580684,1.5987211554602254e-14,10.4475,"Q2: Low Effects, High Residuals"
E05000402,Beverley,-9.693827664928126,1.3322676295501878e-14,15.1925,"Q2: Low Effects, High Residuals"
E05000403,Canbury,-13.15327212718421,1.5987211554602254e-14,10.5375,"Q2: Low Effects, High Residuals"
E05000404,Chessington North and Hook,-0.4987273904561036,1.509903313490213e-14,21.8275,"Q2: Low Effects, High Residuals"
E05000405,Chessington South,1.0908767360744287,1.2434497875801753e-14,21.1025,"Q1: High Effects, High Residuals"
E05000406,Coombe Hill,-4.225797490305295,1.3322676295501878e-14,17.3475,"Q2: Low Effects, High Residuals"
E05000407,Coombe Vale,-9.308215744004205,1.5987211554602254e-14,12.7675,"Q2: Low Effects, High Residuals"
E05000408,Grove,-6.222974181479728,1.4210854715202004e-14,15.0,"Q2: Low Effects, High Residuals"
E05000409,Norbiton,1.00480728894704,1.1546319456101628e-14,21.62,"Q1: High Effects, High Residuals"
E05000410,Old Malden,-1.7893673369047258,1.509903313490213e-14,18.544999999999998,"Q2: Low Effects, High Residuals"
E05000411,St. James,-6.214319976750465,1.687538997430238e-14,16.9775,"Q2: Low Effects, High Residuals"
E05000412,St. Mark's,-11.095255521879096,1.3322676295501878e-14,10.835,"Q2: Low Effects, High Residuals"
E05000413,Surbiton Hill,-10.519577065315438,1.2434497875801753e-14,12.335,"Q2: Low Effects, High Residuals"
E05000414,Tolworth and Hook Rise,-4.519639427113944,1.687538997430238e-14,16.47,"Q2: Low Effects, High Residuals"
E05000415,Tudor,-10.613929095142225,1.3322676295501878e-14,10.68,"Q2: Low Effects, High Residuals"
E05000416,Bishop's,3.4666959662103825,1.2434497875801753e-14,23.28,"Q1: High Effects, High Residuals"
E05000417,Brixton Hill,-2.152778678514365,1.4210854715202004e-14,19.8575,"Q2: Low Effects, High Residuals"
E05000418,Clapham Common,-1.1900427816360963,1.2434497875801753e-14,21.2075,"Q2: Low Effects, High Residuals"
E05000419,Clapham Town,-1.2826574402006203,1.5987211554602254e-14,21.3875,"Q2: Low Effects, High Residuals"
E05000420,Coldharbour,3.1806748487452916,1.3322676295501878e-14,23.16,"Q1: High Effects, High Residuals"
E05000421,Ferndale,7.312563447592849,1.509903313490213e-14,29.6275,"Q1: High Effects, High Residuals"
E05000422,Gipsy Hill,6.640116971054957,1.4210854715202004e-14,26.89,"Q1: High Effects, High Residuals"
E05000423,Herne Hill,-2.247352318794766,1.509903313490213e-14,19.235,"Q2: Low Effects, High Residuals"
E05000424,Knight's Hill,1.7004317000914364,1.4210854715202004e-14,23.0075,"Q1: High Effects, High Residuals"
E05000425,Larkhall,8.211686814305118,1.3322676295501878e-14,29.7925,"Q1: High Effects, High Residuals"
E05000426,Oval,4.253966191757569,1.3322676295501878e-14,25.53,"Q1: High Effects, High Residuals"
E05000427,Prince's,6.303770018113591,1.7763568394002505e-14,27.049999999999997,"Q1: High Effects, High Residuals"
E05000428,St. Leonard's,-1.4277060258668186,1.3322676295501878e-14,21.0025,"Q2: Low Effects, High Residuals"
E05000429,Stockwell,6.669838715866487,1.687538997430238e-14,28.5175,"Q1: High Effects, High Residuals"
E05000430,Streatham Hill,-2.1092413824982925,1.509903313490213e-14,21.0425,"Q2: Low Effects, High Residuals"
E05000431,Streatham South,3.0345542464234185,1.3322676295501878e-14,24.5425,"Q1: High Effects, High Residuals"
E05000432,Streatham Wells,0.5647393371975609,1.4210854715202004e-14,21.785,"Q1: High Effects, High Residuals"
E05000433,Thornton,3.74443815631082,1.509903313490213e-14,27.27,"Q1: High Effects, High Residuals"
E05000434,Thurlow Park,-0.9362257663277198,1.3322676295501878e-14,20.17,"Q2: Low Effects, High Residuals"
E05000435,Tulse Hill,6.065161176989979,1.3322676295501878e-14,27.1,"Q1: High Effects, High Residuals"
E05000436,Vassall,7.091633097963959,1.3322676295501878e-14,28.4575,"Q1: High Effects, High Residuals"
E05000437,Bellingham,10.379842664429628,1.687538997430238e-14,28.2425,"Q1: High Effects, High Residuals"
E05000438,Blackheath,2.3057233903930436,1.509903313490213e-14,21.814999999999998,"Q1: High Effects, High Residuals"
E05000439,Brockley,3.9950406644181253,1.5987211554602254e-14,25.6525,"Q1: High Effects, High Residuals"
E05000440,Catford South,0.5173529930397418,1.509903313490213e-14,24.125,"Q1: High Effects, High Residuals"
E05000441,Crofton Park,-0.4022362370777186,1.5987211554602254e-14,20.525,"Q2: Low Effects, High Residuals"
E05000442,Downham,6.0055277845692485,1.5987211554602254e-14,26.58,"Q1: High Effects, High Residuals"
E05000443,Evelyn,6.721876606785293,1.509903313490213e-14,27.105,"Q1: High Effects, High Residuals"
E05000444,Forest Hill,-0.954103816142343,1.2434497875801753e-14,20.5575,"Q2: Low Effects, High Residuals"
E05000445,Grove Park,3.1787596285730064,1.509903313490213e-14,24.8775,"Q1: High Effects, High Residuals"
E05000446,Ladywell,3.8977015884158206,1.3322676295501878e-14,24.9125,"Q1: High Effects, High Residuals"
E05000447,Lee Green,-4.396977470362593,1.1546319456101628e-14,18.225,"Q2: Low Effects, High Residuals"
E05000448,Lewisham Central,1.9500282799706827,1.687538997430238e-14,23.715,"Q1: High Effects, High Residuals"
E05000449,New Cross,6.808203223375974,1.4210854715202004e-14,28.3675,"Q1: High Effects, High Residuals"
E05000450,Perry Vale,0.754633894212728,1.3322676295501878e-14,23.2675,"Q1: High Effects, High Residuals"
E05000451,Rushey Green,-0.9279440927965608,1.4210854715202004e-14,21.4375,"Q2: Low Effects, High Residuals"
E05000452,Sydenham,3.816307511291801,1.3322676295501878e-14,25.5975,"Q1: High Effects, High Residuals"
E05000453,Telegraph Hill,1.369711043364756,1.4210854715202004e-14,23.35,"Q1: High Effects, High Residuals"
E05000454,Whitefoot,2.6973468214277583,1.509903313490213e-14,25.145,"Q1: High Effects, High Residuals"
E05000455,Abbey,-7.35414576502432,1.509903313490213e-14,16.8125,"Q2: Low Effects, High Residuals"
E05000456,Cannon Hill,-4.021882195919995,1.5987211554602254e-14,20.625,"Q2: Low Effects, High Residuals"
E05000457,Colliers Wood,-2.0410349134332444,1.5987211554602254e-14,21.04,"Q2: Low Effects, High Residuals"
E05000458,Cricket Green,4.79178422077548,1.2434497875801753e-14,24.1275,"Q1: High Effects, High Residuals"
E05000459,Dundonald,-14.192332980414019,1.5987211554602254e-14,9.08,"Q2: Low Effects, High Residuals"
E05000460,Figge's Marsh,3.152548771699066,1.2434497875801753e-14,24.115000000000002,"Q1: High Effects, High Residuals"
E05000461,Graveney,1.9109748020776012,1.3322676295501878e-14,25.115000000000002,"Q1: High Effects, High Residuals"
E05000462,Hillside,-1.708512017691362,1.5395092608135503e-14,19.833333333333332,"Q2: Low Effects, High Residuals"
E05000463,Lavender Fields,1.6560474975276716,1.4210854715202004e-14,24.17,"Q1: High Effects, High Residuals"
E05000464,Longthornton,0.7130503594915414,1.5987211554602254e-14,21.9,"Q1: High Effects, High Residuals"
E05000465,Lower Morden,-5.819560910741697,1.509903313490213e-14,16.2125,"Q2: Low Effects, High Residuals"
E05000466,Merton Park,-12.057613543930074,1.509903313490213e-14,12.215,"Q2: Low Effects, High Residuals"
E05000467,Pollards Hill,6.047704107518907,1.3322676295501878e-14,24.425,"Q1: High Effects, High Residuals"
E05000468,Ravensbury,1.093805054882722,1.5987211554602254e-14,20.9775,"Q1: High Effects, High Residuals"
E05000469,Raynes Park,-11.350062622529606,1.4210854715202004e-14,13.2325,"Q2: Low Effects, High Residuals"
E05000470,St. Helier,1.9316794305270006,1.3322676295501878e-14,22.1675,"Q1: High Effects, High Residuals"
E05000471,Trinity,-6.137965075245257,1.509903313490213e-14,17.884999999999998,"Q2: Low Effects, High Residuals"
E05000472,Village,1.2479954770978938,1.4210854715202004e-14,19.833333333333332,"Q1: High Effects, High Residuals"
E05000473,West Barnes,-3.880857240307625,1.4210854715202004e-14,19.3,"Q2: Low Effects, High Residuals"
E05000474,Wimbledon Park,-10.51356530462833,1.3322676295501878e-14,14.225,"Q2: Low Effects, High Residuals"
E05000475,Beckton,5.47454816378945,1.5987211554602254e-14,25.4,"Q1: High Effects, High Residuals"
E05000476,Boleyn,3.4273558219419025,1.5987211554602254e-14,25.9675,"Q1: High Effects, High Residuals"
E05000477,Canning Town North,8.358944911868686,1.509903313490213e-14,28.3625,"Q1: High Effects, High Residuals"
E05000478,Canning Town South,7.05241517524099,1.1546319456101628e-14,27.35,"Q1: High Effects, High Residuals"
E05000479,Custom House,4.605719132095542,1.509903313490213e-14,25.255,"Q1: High Effects, High Residuals"
E05000480,East Ham Central,2.973987319400302,1.509903313490213e-14,25.2825,"Q1: High Effects, High Residuals"
E05000481,East Ham North,1.6468609870673907,1.7763568394002505e-14,23.947499999999998,"Q1: High Effects, High Residuals"
E05000482,East Ham South,6.120863694343351,1.5987211554602254e-14,26.6375,"Q1: High Effects, High Residuals"
E05000483,Forest Gate North,4.184043921318496,1.687538997430238e-14,26.002499999999998,"Q1: High Effects, High Residuals"
E05000484,Forest Gate South,0.7772963763437968,1.7763568394002505e-14,24.049999999999997,"Q1: High Effects, High Residuals"
E05000485,Green Street East,0.9762381387711718,1.687538997430238e-14,24.255,"Q1: High Effects, High Residuals"
E05000486,Green Street West,0.5869922152280225,1.4210854715202004e-14,22.2425,"Q1: High Effects, High Residuals"
E05000487,Little Ilford,6.191689797125421,1.687538997430238e-14,26.6575,"Q1: High Effects, High Residuals"
E05000488,Manor Park,4.0523170773030905,1.509903313490213e-14,24.5125,"Q1: High Effects, High Residuals"
E05000489,Plaistow North,1.9358174702529833,1.509903313490213e-14,23.2075,"Q1: High Effects, High Residuals"
E05000490,Plaistow South,7.085190257722126,1.509903313490213e-14,27.877499999999998,"Q1: High Effects, High Residuals"
E05000491,Royal Docks,11.232417174435229,1.509903313490213e-14,29.4125,"Q1: High Effects, High Residuals"
E05000492,Stratford and New Town,3.494145143953017,1.3322676295501878e-14,25.16,"Q1: High Effects, High Residuals"
E05000493,Wall End,6.084116099220289,1.4210854715202004e-14,24.855,"Q1: High Effects, High Residuals"
E05000494,West Ham,5.401985842294687,1.687538997430238e-14,25.955,"Q1: High Effects, High Residuals"
E05000495,Aldborough,5.932860794521969,1.2434497875801753e-14,21.2325,"Q1: High Effects, High Residuals"
E05000496,Barkingside,-3.484398530000724,1.687538997430238e-14,20.8525,"Q2: Low Effects, High Residuals"
E05000497,Bridge,-3.3620485734439907,1.687538997430238e-14,18.0975,"Q2: Low Effects, High Residuals"
E05000498,Chadwell,1.9238814263768287,1.509903313490213e-14,24.6725,"Q1: High Effects, High Residuals"
E05000499,Church End,-8.593144144361982,1.3322676295501878e-14,15.425,"Q2: Low Effects, High Residuals"
E05000500,Clayhall,1.3671706073238576,1.509903313490213e-14,22.785,"Q1: High Effects, High Residuals"
E05000501,Clementswood,-1.8553247270032571,1.509903313490213e-14,21.345,"Q2: Low Effects, High Residuals"
E05000502,Cranbrook,-0.15755069165183322,1.4210854715202004e-14,20.89,"Q2: Low Effects, High Residuals"
E05000503,Fairlop,7.007508864564805,1.5987211554602254e-14,25.9175,"Q1: High Effects, High Residuals"
E05000504,Fullwell,7.110243400617027,1.3322676295501878e-14,26.490000000000002,"Q1: High Effects, High Residuals"
E05000505,Goodmayes,4.0407120157218,1.2434497875801753e-14,23.9725,"Q1: High Effects, High Residuals"
E05000506,Hainault,7.136088609708009,1.5987211554602254e-14,25.2675,"Q1: High Effects, High Residuals"
E05000507,Loxford,4.254565132325112,1.5987211554602254e-14,25.0275,"Q1: High Effects, High Residuals"
E05000508,Mayfield,2.8460943283338924,1.4210854715202004e-14,25.28,"Q1: High Effects, High Residuals"
E05000509,Monkhams,-4.334418079710805,1.509903313490213e-14,15.254999999999999,"Q2: Low Effects, High Residuals"
E05000510,Newbury,1.3517637292091047,1.3322676295501878e-14,22.32,"Q1: High Effects, High Residuals"
E05000511,Roding,1.012012803686928,1.5987211554602254e-14,21.02,"Q1: High Effects, High Residuals"
E05000512,Seven Kings,5.2274150794691145,1.509903313490213e-14,25.2275,"Q1: High Effects, High Residuals"
E05000513,Snaresbrook,-6.5762004198139925,1.687538997430238e-14,16.822499999999998,"Q2: Low Effects, High Residuals"
E05000514,Valentines,1.260083686300141,1.4210854715202004e-14,23.215,"Q1: High Effects, High Residuals"
E05000515,Wanstead,-0.20340890707593307,1.4210854715202004e-14,19.9975,"Q2: Low Effects, High Residuals"
E05000516,Barnes,3.2567741505816903,1.3322676295501878e-14,18.365000000000002,"Q1: High Effects, High Residuals"
E05000517,East Sheen,-12.255003859576739,1.509903313490213e-14,7.5975,"Q2: Low Effects, High Residuals"
E05000518,Fulwell and Hampton Hill,-14.043117748820197,1.4210854715202004e-14,6.915,"Q2: Low Effects, High Residuals"
E05000520,Hampton,-3.032774544041304,1.509903313490213e-14,14.495,"Q2: Low Effects, High Residuals"
E05000521,Hampton North,-7.402452980822068,1.5987211554602254e-14,18.259999999999998,"Q2: Low Effects, High Residuals"
E05000522,Hampton Wick,-16.693948690847527,1.3322676295501878e-14,8.685,"Q2: Low Effects, High Residuals"
E05000523,Heathfield,-4.86752384456615,1.5987211554602254e-14,16.7975,"Q2: Low Effects, High Residuals"
E05000524,Kew,-7.312955704369365,1.4210854715202004e-14,11.6275,"Q2: Low Effects, High Residuals"
E05000525,Mortlake and Barnes Common,-10.903234628919504,1.509903313490213e-14,9.8325,"Q2: Low Effects, High Residuals"
E05000526,North Richmond,-6.4937256465791,1.4210854715202004e-14,12.49,"Q2: Low Effects, High Residuals"
E05000528,South Richmond,-10.262137673024391,1.3322676295501878e-14,8.8425,"Q2: Low Effects, High Residuals"
E05000529,South Twickenham,-11.822295551266361,1.3322676295501878e-14,7.45,"Q2: Low Effects, High Residuals"
E05000530,Teddington,-15.223638679403175,1.4210854715202004e-14,6.4575,"Q2: Low Effects, High Residuals"
E05000531,Twickenham Riverside,-13.103010882531658,1.4210854715202004e-14,6.692500000000001,"Q2: Low Effects, High Residuals"
E05000532,West Twickenham,-8.06282642766208,1.7763568394002505e-14,12.775,"Q2: Low Effects, High Residuals"
E05000533,Whitton,-7.7489270578550205,1.509903313490213e-14,13.8125,"Q2: Low Effects, High Residuals"
E05000534,Brunswick Park,1.9637208107105781,1.5987211554602254e-14,25.259999999999998,"Q1: High Effects, High Residuals"
E05000535,Camberwell Green,2.4290438955603486,1.2434497875801753e-14,27.6975,"Q1: High Effects, High Residuals"
E05000536,Cathedrals,2.418349182799898,1.4210854715202004e-14,26.045,"Q1: High Effects, High Residuals"
E05000537,Chaucer,6.110461458525807,1.2878587085651816e-14,28.965000000000003,"Q1: High Effects, High Residuals"
E05000538,College,7.91501564083833,1.3322676295501878e-14,22.355,"Q1: High Effects, High Residuals"
E05000539,East Dulwich,-9.667921044874756,1.3322676295501878e-14,17.1775,"Q2: Low Effects, High Residuals"
E05000540,East Walworth,6.896858103276703,1.5987211554602254e-14,29.775,"Q1: High Effects, High Residuals"
E05000541,Faraday,8.17720267533615,1.509903313490213e-14,29.8475,"Q1: High Effects, High Residuals"
E05000542,Grange,2.1774037919991978,1.1546319456101628e-14,25.685000000000002,"Q1: High Effects, High Residuals"
E05000543,Livesey,6.371841721651034,1.509903313490213e-14,28.6875,"Q1: High Effects, High Residuals"
E05000544,Newington,3.8301982127502026,1.687538997430238e-14,26.487499999999997,"Q1: High Effects, High Residuals"
E05000545,Nunhead,5.657297727534872,1.509903313490213e-14,25.575,"Q1: High Effects, High Residuals"
E05000546,Peckham,1.7299502305872547,1.3322676295501878e-14,28.96,"Q1: High Effects, High Residuals"
E05000547,Peckham Rye,2.291278715953731,1.4210854715202004e-14,20.8475,"Q1: High Effects, High Residuals"
E05000548,Riverside,8.365337189311962,1.3766765505351941e-14,31.715,"Q1: High Effects, High Residuals"
E05000549,Rotherhithe,7.655855618912713,1.509903313490213e-14,30.75,"Q1: High Effects, High Residuals"
E05000550,South Bermondsey,7.131729407962616,1.4210854715202004e-14,29.835,"Q1: High Effects, High Residuals"
E05000551,South Camberwell,4.776377908811273,1.509903313490213e-14,26.97,"Q1: High Effects, High Residuals"
E05000552,Surrey Docks,6.910990043651861,1.5987211554602254e-14,26.65,"Q1: High Effects, High Residuals"
E05000553,The Lane,4.530990349534216,1.4210854715202004e-14,26.802500000000002,"Q1: High Effects, High Residuals"
E05000554,Village,-10.14190908474498,1.687538997430238e-14,11.8925,"Q2: Low Effects, High Residuals"
E05000555,Beddington North,1.7936925981261167,1.4210854715202004e-14,21.3775,"Q1: High Effects, High Residuals"
E05000556,Beddington South,0.5808475209292538,1.3322676295501878e-14,22.8275,"Q1: High Effects, High Residuals"
E05000557,Belmont,-6.546263501540521,1.5987211554602254e-14,17.932499999999997,"Q2: Low Effects, High Residuals"
E05000558,Carshalton Central,-7.197788615804381,1.3322676295501878e-14,13.8175,"Q2: Low Effects, High Residuals"
E05000559,Carshalton South and Clockhouse,-5.118841947553713,1.3322676295501878e-14,14.567499999999999,"Q2: Low Effects, High Residuals"
E05000560,Cheam,-9.362248468785783,1.4210854715202004e-14,13.184999999999999,"Q2: Low Effects, High Residuals"
E05000561,Nonsuch,-11.840640065429122,1.3322676295501878e-14,13.1725,"Q2: Low Effects, High Residuals"
E05000562,St. Helier,3.8407469849349365,1.2434497875801753e-14,25.1075,"Q1: High Effects, High Residuals"
E05000563,Stonecot,-5.552432280739634,1.4210854715202004e-14,17.55,"Q2: Low Effects, High Residuals"
E05000564,Sutton Central,-3.172514154626853,1.509903313490213e-14,19.585,"Q2: Low Effects, High Residuals"
E05000565,Sutton North,-2.246941396723493,1.509903313490213e-14,19.3475,"Q2: Low Effects, High Residuals"
E05000566,Sutton South,-4.120164378364058,1.2434497875801753e-14,19.0075,"Q2: Low Effects, High Residuals"
E05000567,Sutton West,-3.960444051627102,1.687538997430238e-14,17.3375,"Q2: Low Effects, High Residuals"
E05000568,The Wrythe,-4.063794373174218,1.5987211554602254e-14,20.697499999999998,"Q2: Low Effects, High Residuals"
E05000569,Wallington North,-5.87030180637663,1.4210854715202004e-14,16.5225,"Q2: Low Effects, High Residuals"
E05000570,Wallington South,-2.533604856721051,1.687538997430238e-14,20.7775,"Q2: Low Effects, High Residuals"
E05000571,Wandle Valley,1.8024228133925115,1.3322676295501878e-14,21.2925,"Q1: High Effects, High Residuals"
E05000572,Worcester Park,-4.488128660032357,1.5987211554602254e-14,17.91,"Q2: Low Effects, High Residuals"
E05000590,Cann Hall,0.14058899737779385,1.1546319456101628e-14,23.225,"Q1: High Effects, High Residuals"
E05000591,Cathall,1.2517412082852557,1.509903313490213e-14,22.78,"Q1: High Effects, High Residuals"
E05000592,Chapel End,3.008412451602382,1.4210854715202004e-14,22.78,"Q1: High Effects, High Residuals"
E05000593,Chingford Green,-1.536771449269172,1.3322676295501878e-14,18.82,"Q2: Low Effects, High Residuals"
E05000594,Endlebury,-4.406229300103835,1.5987211554602254e-14,18.7225,"Q2: Low Effects, High Residuals"
E05000595,Forest,0.9786000594433482,1.4210854715202004e-14,20.17,"Q1: High Effects, High Residuals"
E05000596,Grove Green,-2.009922431922256,1.509903313490213e-14,21.9725,"Q2: Low Effects, High Residuals"
E05000597,Hale End and Highams Park,-2.0102232045922865,1.5987211554602254e-14,17.2675,"Q2: Low Effects, High Residuals"
E05000598,Hatch Lane,-0.6581762750852818,1.509903313490213e-14,18.7725,"Q2: Low Effects, High Residuals"
E05000599,High Street,7.093874712945049,1.5987211554602254e-14,24.33,"Q1: High Effects, High Residuals"
E05000600,Higham Hill,7.27418034199428,1.1546319456101628e-14,26.515,"Q1: High Effects, High Residuals"
E05000601,Hoe Street,1.7126102267295522,1.3322676295501878e-14,24.8275,"Q1: High Effects, High Residuals"
E05000602,Larkswood,2.2319426309100585,1.3322676295501878e-14,23.8275,"Q1: High Effects, High Residuals"
E05000603,Lea Bridge,3.8959915818297075,1.5987211554602254e-14,22.494999999999997,"Q1: High Effects, High Residuals"
E05000604,Leyton,-0.5475255698527519,1.3322676295501878e-14,20.6475,"Q2: Low Effects, High Residuals"
E05000605,Leytonstone,-5.491674995268407,1.509903313490213e-14,17.4925,"Q2: Low Effects, High Residuals"
E05000606,Markhouse,2.1488645467816836,1.5987211554602254e-14,23.7,"Q1: High Effects, High Residuals"
E05000607,Valley,-3.284333177556565,1.4210854715202004e-14,21.0775,"Q2: Low Effects, High Residuals"
E05000608,William Morris,-0.63889945436744,1.3322676295501878e-14,23.6275,"Q2: Low Effects, High Residuals"
E05000609,Wood Street,2.5682957741547554,1.4210854715202004e-14,20.9675,"Q1: High Effects, High Residuals"
E05000610,Balham,-11.686289697928045,1.4210854715202004e-14,11.5725,"Q2: Low Effects, High Residuals"
E05000611,Bedford,-5.728774798116146,1.3322676295501878e-14,16.625,"Q2: Low Effects, High Residuals"
E05000612,Earlsfield,-1.1558261951848952,1.509903313490213e-14,19.935,"Q2: Low Effects, High Residuals"
E05000613,East Putney,-8.192864515132264,1.4210854715202004e-14,14.190000000000001,"Q2: Low Effects, High Residuals"
E05000614,Fairfield,-2.0249977115102507,1.5987211554602254e-14,20.7975,"Q2: Low Effects, High Residuals"
E05000615,Furzedown,-5.419478133816983,1.4210854715202004e-14,18.5825,"Q2: Low Effects, High Residuals"
E05000616,Graveney,-0.7023199264835602,1.5987211554602254e-14,22.305,"Q2: Low Effects, High Residuals"
E05000617,Latchmere,3.3441732911263573,1.4210854715202004e-14,26.677500000000002,"Q1: High Effects, High Residuals"
E05000618,Nightingale,-5.083073859796993,1.509903313490213e-14,17.075,"Q2: Low Effects, High Residuals"
E05000619,Northcote,-9.162369056351874,1.4210854715202004e-14,11.58,"Q2: Low Effects, High Residuals"
E05000620,Queenstown,4.394559001598789,1.509903313490213e-14,27.155,"Q1: High Effects, High Residuals"
E05000622,St. Mary's Park,3.342122154570178,1.3322676295501878e-14,25.2325,"Q1: High Effects, High Residuals"
E05000623,Shaftesbury,2.3697636107301685,1.3322676295501878e-14,26.185000000000002,"Q1: High Effects, High Residuals"
E05000624,Southfields,-5.760549374563573,1.5987211554602254e-14,16.33,"Q2: Low Effects, High Residuals"
E05000625,Thamesfield,-9.90144996095627,1.3322676295501878e-14,10.935,"Q2: Low Effects, High Residuals"
E05000626,Tooting,2.0627358747643987,1.509903313490213e-14,21.36,"Q1: High Effects, High Residuals"
E05000627,Wandsworth Common,-2.0461119591479076,1.509903313490213e-14,15.3925,"Q2: Low Effects, High Residuals"
E05000628,West Hill,-0.6324978314716008,1.5987211554602254e-14,20.259999999999998,"Q2: Low Effects, High Residuals"
E05000629,West Putney,-2.30673165785414,1.4210854715202004e-14,19.57,"Q2: Low Effects, High Residuals"
E05000630,Abbey Road,-0.6299496483685001,1.3322676295501878e-14,22.9675,"Q2: Low Effects, High Residuals"
E05000631,Bayswater,-2.6667921823319922,1.2434497875801753e-14,21.295,"Q2: Low Effects, High Residuals"
E05000632,Bryanston and Dorset Square,10.885319961845447,1.1546319456101628e-14,33.085,"Q1: High Effects, High Residuals"
E05000633,Churchill,4.650545146064601,1.4210854715202004e-14,26.18,"Q1: High Effects, High Residuals"
E05000634,Church Street,6.714515429038275,1.509903313490213e-14,27.525,"Q1: High Effects, High Residuals"
E05000635,Harrow Road,4.354283008558633,1.7763568394002505e-14,26.9625,"Q1: High Effects, High Residuals"
E05000636,Hyde Park,-2.621890373729337,1.5987211554602254e-14,19.6575,"Q2: Low Effects, High Residuals"
E05000637,Knightsbridge and Belgravia,8.17305284875707,1.3026616822268503e-14,25.0,"Q1: High Effects, High Residuals"
E05000638,Lancaster Gate,0.18017912137680803,1.3322676295501878e-14,22.94,"Q1: High Effects, High Residuals"
E05000639,Little Venice,3.030831345213299,1.3322676295501878e-14,24.285,"Q1: High Effects, High Residuals"
E05000640,Maida Vale,4.696959683792434,1.1546319456101628e-14,24.9875,"Q1: High Effects, High Residuals"
E05000641,Marylebone High Street,1.9897498026888496,1.3026616822268503e-14,25.0,"Q1: High Effects, High Residuals"
E05000642,Queen's Park,5.4234340593180805,1.687538997430238e-14,27.689999999999998,"Q1: High Effects, High Residuals"
E05000643,Regent's Park,5.001508144490759,1.4210854715202004e-14,22.7075,"Q1: High Effects, High Residuals"
E05000644,St. James's,2.862619921235571,1.4210854715202004e-14,24.5225,"Q1: High Effects, High Residuals"
E05000645,Tachbrook,5.764966866653739,1.4210854715202004e-14,25.725,"Q1: High Effects, High Residuals"
E05000646,Vincent Square,2.3597917249305524,1.687538997430238e-14,22.5875,"Q1: High Effects, High Residuals"
E05000647,Warwick,-2.469055327218636,1.5987211554602254e-14,21.4575,"Q2: Low Effects, High Residuals"
E05000648,Westbourne,5.649212566998025,1.4210854715202004e-14,26.965,"Q1: High Effects, High Residuals"
E05000649,West End,-2.979762088273824,1.5987211554602254e-14,21.869999999999997,"Q2: Low Effects, High Residuals"
